/*!999999\- enable the sandbox mode */ 
-- MariaDB dump 10.19  Distrib 10.6.18-MariaDB, for debian-linux-gnu (x86_64)
--
-- Host: localhost    Database: AssetMining
-- ------------------------------------------------------
-- Server version	10.6.18-MariaDB-0ubuntu0.22.04.1

/*!40101 SET @OLD_CHARACTER_SET_CLIENT=@@CHARACTER_SET_CLIENT */;
/*!40101 SET @OLD_CHARACTER_SET_RESULTS=@@CHARACTER_SET_RESULTS */;
/*!40101 SET @OLD_COLLATION_CONNECTION=@@COLLATION_CONNECTION */;
/*!40101 SET NAMES utf8mb4 */;
/*!40103 SET @OLD_TIME_ZONE=@@TIME_ZONE */;
/*!40103 SET TIME_ZONE='+00:00' */;
/*!40014 SET @OLD_UNIQUE_CHECKS=@@UNIQUE_CHECKS, UNIQUE_CHECKS=0 */;
/*!40014 SET @OLD_FOREIGN_KEY_CHECKS=@@FOREIGN_KEY_CHECKS, FOREIGN_KEY_CHECKS=0 */;
/*!40101 SET @OLD_SQL_MODE=@@SQL_MODE, SQL_MODE='NO_AUTO_VALUE_ON_ZERO' */;
/*!40111 SET @OLD_SQL_NOTES=@@SQL_NOTES, SQL_NOTES=0 */;

--
-- Table structure for table `HT_History`
--

DROP TABLE IF EXISTS `HT_History`;
/*!40101 SET @saved_cs_client     = @@character_set_client */;
/*!40101 SET character_set_client = utf8 */;
CREATE TABLE `HT_History` (
  `HID` int(10) unsigned NOT NULL AUTO_INCREMENT,
  `Date` date DEFAULT NULL,
  `ID` varchar(4) NOT NULL,
  `NIK` int(10) unsigned DEFAULT NULL,
  `Status` enum('NEW','USED','STORE','BROKEN','IDLE','SERVICE','MUTATION','LOST') DEFAULT NULL,
  `Note` varchar(80) DEFAULT '',
  `Current` tinyint(1) DEFAULT 1,
  PRIMARY KEY (`HID`),
  KEY `ID` (`ID`),
  KEY `NIK` (`NIK`),
  CONSTRAINT `HT_History_ibfk_1` FOREIGN KEY (`ID`) REFERENCES `HT_List` (`ID`),
  CONSTRAINT `HT_History_ibfk_2` FOREIGN KEY (`NIK`) REFERENCES `MiningEmployee`.`TK` (`NIK`)
) ENGINE=InnoDB AUTO_INCREMENT=624 DEFAULT CHARSET=latin1 COLLATE=latin1_swedish_ci;
/*!40101 SET character_set_client = @saved_cs_client */;

--
-- Dumping data for table `HT_History`
--

LOCK TABLES `HT_History` WRITE;
/*!40000 ALTER TABLE `HT_History` DISABLE KEYS */;
INSERT INTO `HT_History` VALUES (1,'2017-12-26','D007',93123785,'USED','023.BIN/BAST/XII/2017 ',0),(2,'2020-10-28','D027',91190014,'USED','',0),(3,'2020-10-28','D040',91095025,'USED','',0),(4,'2020-10-28','D058',91190017,'USED','',0),(6,'2018-06-24','D082',93123371,'USED','19.BIN/BAST/VI/2018',0),(7,'2020-10-28','D093',91170110,'USED','',0),(8,'2020-10-28','D111',93101778,'USED','',0),(9,'2018-11-16','D100',91112832,'NEW','42.BIN/BAST/XI/2018',0),(10,'2018-02-03','D019',97160254,'USED','02.BIN/BAST/II/2018',0),(11,'2020-10-28','D041',91180036,'USED','',0),(12,'2020-10-28','D043',91180058,'USED','',0),(13,'2020-10-28','D047',95180672,'USED','',0),(14,'2020-10-28','D049',91102323,'USED','',0),(15,'2020-10-28','D050',91180443,'USED','',0),(16,'2020-10-28','D051',91180536,'USED','',0),(18,'2020-10-28','D096',91180428,'USED','',0),(19,'2020-10-28','D108',91190088,'USED','',0),(20,'2020-10-28','D015',93133948,'USED','',0),(21,'2017-12-27','D054',97170015,'USED','028.BIN/BAST/XII/2017',0),(22,'2020-10-28','D124',97160141,'USED','',0),(23,'2020-10-28','D029',93101989,'USED','',0),(24,'2020-10-28','D032',91160387,'USED','',0),(25,'2017-12-27','D033',93080864,'USED','040.BIN/BAST/XII/2017',0),(26,'2020-10-28','D034',91180688,'USED','',0),(27,'2020-10-28','D041',95180631,'USED','',0),(28,'2017-12-27','D042',93101990,'USED','046.BIN/BAST/XII/2017',0),(29,'2020-10-28','D056',91180600,'USED','',0),(30,'2020-10-28','D058',97170195,'USED','',0),(31,'2020-10-28','D070',91112668,'USED','',0),(32,'2020-10-28','D077',95180258,'USED','',0),(33,'2020-10-28','D083',95160129,'USED','',0),(34,'2020-10-28','D089',91180559,'USED','',0),(35,'2018-08-03','D090',91123390,'NEW','29.BIN/BAST/VIII/2018',0),(36,'2020-10-28','D092',91180682,'USED','',0),(37,'2020-10-28','D095',91134057,'USED','',0),(38,'2020-10-28','D098',91150037,'USED','',0),(39,'2020-10-28','D101',91122993,'USED','',0),(40,'2019-01-15','D110',91180679,'NEW','03.BIN/BAST/I/2019',0),(41,'2020-10-28','D112',91102226,'USED','',0),(42,'2020-10-28','D114',91180548,'USED','',0),(43,'2020-10-28','D001',97160088,'BROKEN','Low TX',0),(44,'2020-10-28','D002',97160104,'BROKEN','Low TX',0),(45,'2020-10-28','D004',91180692,'BROKEN','Failed to power up',1),(46,'2020-10-28','D009',91102226,'BROKEN','Low TX, broken buttons, black spots on lcd',1),(47,'2020-10-28','D010',91102226,'BROKEN','Low TX',0),(49,'2017-10-31','D044',93123461,'BROKEN','BAK:024/BAK/BIN/XI/2017',0),(50,'2020-10-28','D082',91102226,'BROKEN','Power button broken',1),(51,'2020-03-01','D013',91102226,'BROKEN','Failed to power up',1),(52,'2020-10-28','D014',91102226,'BROKEN','Channel button broken',1),(53,'2020-10-28','D050',91102226,'IDLE','',0),(54,'2020-10-28','D016',97160250,'BROKEN','Falling into the river',0),(55,'2020-10-28','D007',91102226,'IDLE','Asset not registered',1),(56,'2020-10-28','D003',91102226,'IDLE','',0),(57,'2020-10-28','D022',91180658,'USED','',0),(58,'2020-10-28','D024',97160161,'USED','',0),(59,'2017-12-27','D025',97160159,'USED','033.BIN/BAST/XII/2017',0),(60,'2020-10-28','D027',95180419,'USED','',0),(61,'2020-10-28','D028',97170184,'USED','',0),(62,'2020-10-28','D040',91102226,'IDLE','',0),(63,'2020-10-28','D043',95180631,'USED','',1),(64,'2020-10-28','D048',95170048,'USED','',0),(65,'2020-10-28','D051',91102226,'IDLE','',0),(67,'2020-10-28','D096',91102226,'IDLE','Missing',1),(68,'2020-10-28','D018',91102226,'IDLE','',0),(69,'2020-10-28','D054',91102226,'IDLE','',0),(70,'2020-10-28','D123',91102226,'IDLE','',0),(71,'2020-10-28','D124',91102226,'IDLE','',0),(72,'2020-10-28','D067',91080858,'LOST','BAK:003/BAK/BIN/VIII/2020',0),(74,'2020-10-27','D061',91180553,'USED','',0),(75,'2020-10-28','D065',97160141,'LOST','',1),(76,'2020-10-28','D097',97170074,'LOST','',1),(77,'2020-10-28','D109',95170261,'LOST','',1),(78,'2020-10-28','D012',95170270,'MUTATION','',1),(79,'2020-10-28','D121',95170270,'MUTATION','',1),(80,'2020-10-28','D032',95170270,'MUTATION','',1),(81,'2020-10-28','D033',95170270,'MUTATION','',1),(82,'2020-10-28','D034',95170270,'MUTATION','',1),(83,'2020-10-28','D035',95170270,'MUTATION','',1),(84,'2020-10-28','D058',95170270,'MUTATION','',1),(85,'2020-10-28','D083',95170270,'MUTATION','',1),(86,'2020-10-28','D092',95170270,'MUTATION','',1),(87,'2020-10-28','D093',95170270,'MUTATION','',1),(88,'2020-10-28','D095',95170270,'MUTATION','',1),(89,'2020-10-28','D101',95170270,'MUTATION','',1),(90,'2020-10-28','D111',95170270,'MUTATION','',1),(91,'2020-10-28','D112',95170270,'MUTATION','',1),(92,'2020-10-28','D114',95170270,'MUTATION','',1),(93,'2020-10-28','D019',95170270,'MUTATION','',1),(94,'2020-10-28','D029',95170270,'MUTATION','',0),(95,'2020-10-28','D041',95170270,'MUTATION','',1),(96,'2020-10-28','D042',95170270,'MUTATION','',1),(97,'2020-10-28','D056',95170270,'MUTATION','',1),(98,'2020-10-28','D070',95170270,'MUTATION','',1),(99,'2020-10-28','D077',95170270,'MUTATION','',1),(100,'2020-10-28','D089',95170270,'MUTATION','',1),(101,'2020-10-28','D098',95170270,'MUTATION','',0),(102,'2020-10-28','D108',95170270,'MUTATION','',1),(103,'2020-10-28','D110',95170270,'MUTATION','',1),(104,'2020-10-28','D015',95170270,'MUTATION','',1),(105,'2020-10-28','D006',91112546,'USED','',0),(106,'2020-10-28','D008',91180542,'USED','',1),(107,'2020-10-28','D005',91160110,'USED','',0),(108,'2020-10-28','D071',91180534,'USED','',0),(110,'2020-10-28','D107',91190031,'USED','',0),(111,'2020-10-28','D023',91095025,'USED','',0),(112,'2017-12-27','D030',91080821,'USED','038.BIN/BAST/XII/2017',1),(113,'2017-12-27','D072',91160020,'USED','037.BIN/BAST/XII/2017',1),(114,'2020-10-28','D011',95180545,'USED','',1),(115,'2020-10-28','D036',91123390,'USED','',1),(116,'2020-10-28','D037',91180688,'USED','',1),(117,'2020-10-28','D039',95180549,'USED','',1),(118,'2020-10-28','D073',91180064,'USED','',1),(119,'2020-10-28','D122',93123371,'USED','',1),(120,'2020-10-28','D084',91180046,'USED','',1),(121,'2020-10-28','D085',93101784,'USED','',1),(122,'2020-10-28','D094',97170015,'USED','',0),(123,'2020-08-16','D113',91080823,'USED','05.BIN/BAST/VIII/2020',1),(124,'2020-10-28','D116',91095025,'USED','',1),(125,'2020-10-28','D117',95180435,'USED','',1),(126,'2020-10-28','D100',91112924,'USED','',0),(127,'2020-10-28','D103',91094021,'USED','',1),(128,'2020-10-28','D038',97170026,'USED','',0),(129,'2020-10-28','D045',93133914,'USED','',1),(130,'2020-10-28','D047',91102226,'IDLE','',0),(131,'2020-10-28','D049',91190024,'USED','',1),(132,'2020-10-28','D059',91180538,'USED','',1),(134,'2020-10-28','D066',91180691,'USED','',1),(135,'2020-10-28','D074',93091168,'USED','',0),(136,'2020-10-28','D075',97160234,'USED','',1),(137,'2017-12-28','D078',91101609,'USED','051.BIN/BAST/XII/2017',0),(138,'2020-10-28','D081',91101609,'USED','',0),(139,'2020-10-28','D086',97160153,'USED','',1),(140,'2020-10-28','D087',97160236,'USED','',1),(142,'2020-10-28','D102',91180600,'USED','',1),(143,'2020-10-28','D106',93133957,'USED','',1),(144,'2019-08-25','D118',91190098,'NEW','12.BIN/BAST/VIII/2019',0),(145,'2020-06-08','D119',97160302,'USED','04.BIN/BAST/2020',0),(146,'2020-10-28','D052',91112367,'USED','',0),(147,'2020-10-28','D076',97170085,'USED','',1),(148,'2020-10-28','D080',95170004,'USED','',0),(149,'2020-10-28','D063',97180102,'USED','',0),(150,'2018-04-21','D068',97180101,'USED','16.BIN/BAST/IV/2018',0),(151,'2017-12-29','D017',91112969,'USED','071.BIN/BAST/XII/2017',0),(152,'2020-10-28','D053',97160053,'USED','',1),(153,'2020-10-28','D062',91180637,'USED','',0),(154,'2020-10-28','D069',97190162,'USED','',0),(155,'2019-01-16','D105',97180464,'NEW','06.BIN/BAST/I/2019',0),(156,'2017-12-19','D055',91102126,'USED','021.BIN/BAST/XII/2017',0),(157,'2020-10-29','D038',91180538,'USED','',0),(158,'2020-10-01','D060',93101928,'USED','',0),(159,'2020-10-29','D048',93133914,'USED','',1),(160,'2020-10-29','D125',95180258,'USED','',1),(161,'2020-10-29','D074',91112668,'USED','',1),(162,'2017-12-27','D126',91150037,'USED','050.BIN/BAST/XII/2017',1),(163,'2020-10-29','D127',93101990,'USED','',1),(165,'2018-01-22','D129',93091168,'USED','072.BIN/BAST/I/2018',1),(166,'2020-10-29','D078',97160234,'USED','',0),(167,'2017-12-27','D021',91170132,'USED','030.BIN/BAST/XII/2017',0),(168,'2020-10-29','D021',95180108,'LOST','Asset not registered at Head Office',1),(169,'2017-12-27','D026',97160248,'USED','034.BIN/BAST/XII/2017',0),(170,'2020-10-29','D026',95170012,'USED','',0),(171,'2017-12-27','D031',91102332,'USED','039.BIN/BAST/XII/2017',0),(172,'2020-10-29','D031',91102226,'BROKEN','TX Low',0),(173,'2020-10-21','D060',91102226,'BROKEN','Tx OK, RX Broken',1),(174,'2020-10-29','D098',95170048,'USED','',0),(175,'2020-10-29','D130',91180553,'USED','',0),(176,'2020-10-29','D130',91123390,'USED','',1),(177,'2020-10-29','D090',91123390,'BROKEN','BAK Accident 25/05/2020',0),(178,'2020-10-29','D090',91190065,'SERVICE','',0),(179,'2020-10-29','D090',95170270,'MUTATION','',1),(180,'2020-10-29','D026',91102226,'BROKEN','Rx Ok, Tx broken',1),(181,'2020-10-29','D024',91102226,'IDLE','',0),(182,'2020-10-29','D131',91102226,'BROKEN','Volume button missing',1),(183,'2020-10-29','D132',91102226,'BROKEN','Black spots on LCD, power and channel button missing',1),(184,'2020-10-29','D025',91102226,'IDLE','TX Low',1),(185,'2020-10-29','D027',91102226,'IDLE','',0),(186,'2020-10-29','D133',91102226,'IDLE','',0),(187,'2020-10-29','D134',91102226,'IDLE','',0),(188,'2020-10-29','D067',91102226,'IDLE','Found on box in IT Room',0),(189,'2020-10-29','D028',91102226,'IDLE','',0),(190,'2020-10-29','D022',91102226,'IDLE','',0),(191,'2019-08-08','D046',95180672,'LOST','Fell off at Sump Pit K-12 BAK:7/Aug/2019',1),(192,'2020-08-16','D057',95170270,'MUTATION','',1),(193,'2019-08-20','D064',91180470,'LOST','Falling into the river BAK:19/Aug/2019',1),(194,'2019-08-21','D115',91070481,'LOST','Falling into the river BAK:21/08/2019',1),(195,'2018-01-27','D044',91102158,'USED','074.BIN/BAST/I/2018',0),(196,'2017-12-28','D044',91160135,'USED','052.BIN/BAST/XII/2017',0),(197,'2020-11-05','D044',93080864,'USED','',0),(198,'2018-01-04','D044',95170261,'SERVICE','JEROAN CELL',0),(199,'2020-11-05','D044',97170027,'USED','',1),(200,'2018-07-13','D088',95180258,'USED','24.BIN/BAST/VII/2018',1),(222,'2017-12-26','D006',97150038,'USED','024.BIN/BAST/XII/2017',0),(223,'2017-12-27','D076',95170004,'USED','025.BIN/BAST/XII/2017',0),(224,'2017-12-27','D052',91160301,'USED','026.BIN/BAST/XII/2017',0),(225,'2017-12-27','D080',91134261,'USED','027.BIN/BAST/XII/2017',0),(226,'2017-12-27','D053',97160250,'USED','029.BIN/BAST/XII/2017',0),(227,'2017-12-27','D023',91091504,'USED','031.BIN/BAST/XII/2017',0),(228,'2017-12-27','D024',97160160,'USED','032.BIN/BAST/XII/2017',0),(229,'2017-12-27','D027',91160257,'USED','035.BIN/BAST/XII/2017',0),(230,'2017-12-27','D028',91134270,'USED','036.BIN/BAST/XII/2017',0),(231,'2017-12-27','D034',91123808,'USED','041.BIN/BAST/XII/2017',0),(232,'2017-12-27','D039',91160406,'USED','042.BIN/BAST/XII/2017',0),(233,'2017-12-27','D035',91170110,'USED','043.BIN/BAST/XII/2017',0),(234,'2017-12-27','D040',91170137,'USED','044.BIN/BAST/XII/2017',0),(235,'2017-12-27','D073',93101784,'USED','045.BIN/BAST/XII/2017',0),(236,'2017-12-27','D043',91170128,'USED','047.BIN/BAST/XII/2017',0),(237,'2017-12-27','D074',91112668,'USED','048.BIN/BAST/XII/2017',0),(238,'2017-12-28','D080',91091059,'USED','049.BIN/BAST/XII/2017',0),(239,'2017-12-28','D045',95170126,'USED','053.BIN/BAST/XII/2017',0),(240,'2017-12-28','D046',91170125,'USED','054.BIN/BAST/XII/2017',0),(241,'2017-12-28','D048',93133914,'USED','055.BIN/BAST/XII/2017',0),(242,'2017-12-28','D049',91160287,'USED','056.BIN/BAST/XII/2017',0),(243,'2017-12-28','D050',93133957,'USED','057.BIN/BAST/XII/2017',0),(244,'2017-12-28','D009',91102323,'USED','058.BIN/BAST/XII/2017',0),(245,'2017-12-29','D005',91112445,'USED','061.BIN/BAST/XII/2017',0),(246,'2017-12-29','D001',91112620,'USED','062.BIN/BAST/XII/2017',0),(247,'2017-12-29','D002',97160315,'USED','063.BIN/BAST/XII/2017',0),(248,'2017-12-29','D004',91170127,'USED','064.BIN/BAST/XII/2017',0),(249,'2017-12-29','D008',91160139,'USED','065.BIN/BAST/XII/2017',0),(250,'2017-12-29','D010',91134057,'USED','066.BIN/BAST/XII/2017',0),(251,'2017-12-29','D012',91123390,'USED','068.BIN/BAST/XII/2017',0),(252,'2017-12-29','D015',91160110,'USED','069.BIN/BAST/XII/2017',0),(253,'2017-12-29','D016',97160099,'USED','070.BIN/BAST/XII/2017',0),(254,'2017-12-18','D060',93123461,'USED','006.BIN/BAST/XII/2017',0),(255,'2018-01-21','D044',91180036,'USED','072.BIN/BAST/I/2018',0),(256,'2018-01-22','D075',91180036,'USED','073.BIN/BAST/I/2018',0),(257,'2018-02-28','D041',91180052,'USED','05.BIN/BAST/II/2018',0),(258,'2018-03-04','D062',97180055,'USED','06.BIN/BAST/III/2018',0),(259,'2018-03-04','D063',97160053,'USED','07.BIN/BAST/III/2018',0),(260,'2018-03-05','D064',97150038,'USED','08.BIN/BAST/III/2018',0),(261,'2018-03-05','D067',91080858,'USED','10.BIN/BAST/III/2018',0),(262,'2018-03-06','D065',91180691,'USED','11.BIN/BAST/III/2018',0),(263,'2018-03-06','D081',91180696,'USED','13.BIN/BAST/III/2018',0),(264,'2018-02-22','D041',95170261,'SERVICE','CENTURY',0),(265,'2018-03-06','D066',88180008,'USED','12.BIN/BAST/III/2018',0),(266,'2018-04-21','D069',97180102,'USED','17.BIN/BAST/IV/2018',0),(267,'2018-06-24','D083',91180046,'USED','20.BIN/BAST/VI/2018',0),(268,'2018-06-24','D084',95160129,'USED','21.BIN/BAST/VI/2018',0),(269,'2018-07-13','D087',91134057,'USED','23.BIN/BAST/VII/2018',0),(270,'2018-07-13','D087',95180222,'USED','25.BIN/BAST/VII/2018',0),(271,'2018-08-14','D090',91123390,'NEW','31.BIN/BAST/VIII/2018',0),(272,'2018-08-14','D092',95180196,'NEW','32.BIN/BAST/VIII/2018',0),(273,'2018-08-14','D093',91180198,'NEW','33.BIN/BAST/VIII/2018',0),(274,'2018-08-14','D094',91134057,'NEW','34.BIN/BAST/VIII/2018',0),(275,'2018-08-14','D095',93112951,'NEW','35.BIN/BAST/VIII/2018',0),(276,'2018-09-02','D096',95170048,'NEW','36.BIN/BAST/IX/2018',0),(277,'2018-09-02','D097',91180356,'NEW','37.BIN/BAST/IX/2018',0),(278,'2018-09-25','D098',91180443,'NEW','38.BIN/BAST/IX/2018',0),(279,'2018-11-16','D027',91180553,'NEW','40.BIN/BAST/XI/2018',0),(280,'2018-11-16','D029',91180532,'NEW','41.BIN/BAST/XI/2018',0),(281,'2018-12-09','D102',95180631,'USED','43.BIN/BAST/XII/2018',0),(282,'2018-12-09','D029',95180630,'USED','45.BIN/BAST/XII/2018',0),(283,'2018-12-28','D046',95180672,'USED','46.BIN/BAST/XII/2018',0),(284,'2019-01-15','D109',91180559,'NEW','01.BIN/BAST/I/2019',0),(285,'2019-01-15','D108',91180560,'NEW','02.BIN/BAST/I/2019',0),(286,'2019-01-16','D107',91180060,'NEW','04.BIN/BAST/I/2019',0),(287,'2019-09-09','D119',97190083,'NEW','14.BIN/BAST/IX/2019',0),(288,'2019-10-06','D003',91112833,'NEW','15.BIN/BAST/X/2019',0),(289,'2019-10-06','D019',93123292,'USED','16.BIN/BAST/X/2019',0),(290,'2019-11-05','D097',95180672,'USED','18.BIN/BAST/XI/2019',0),(291,'2020-09-04','D007',91102226,'IDLE','Terima dari Misbahul',0),(292,'2017-12-20','D057',91091196,'USED','022.BIN/BAST/XII/2017',0),(293,'2020-11-13','D105',91102226,'USED','Asset returned with docking and charger',0),(295,'2020-11-14','D062',91102226,'IDLE','Asset returned with docking and charger',0),(296,'2020-11-14','D078',91102226,'IDLE','Asset returned with docking and charger',0),(297,'2019-04-25','D114',95180545,'NEW','BAST: /RBA-PLANT/K006/IV/2019',0),(298,'2020-03-01','D135',91102226,'LOST','Asset not found in monthly report',1),(299,'2018-12-09','D135',91180600,'USED','044.BIN/BAST/XII/2018',0),(300,'2018-06-24','D085',91180064,'USED','022.BIN/BAST/VI/2018',0),(301,'2018-08-01','D136',91102226,'LOST','Asset not found in monthly report',1),(302,'2018-04-05','D136',91102323,'USED','015.BIN/BAST/IV/2018',0),(303,'2018-03-05','D137',91160077,'USED','09.BIN/BAST/III/2018',1),(304,'2018-06-01','D138',91102226,'LOST','Asset not found in monthly report',1),(305,'2018-02-05','D138',91180046,'USED','03.BIN/BAST/II/2018',0),(306,'2020-03-01','D139',91102226,'IDLE','Asset not found in monthly report',0),(307,'2017-12-28','D139',91170180,'USED','059.BIN/BAST/XII/2017',0),(308,'2017-12-28','D135',97170027,'USED','060.BIN/BAST/XII/2017',0),(311,'2018-11-01','D139',91150037,'USED','',0),(312,'2020-03-01','D140',91102226,'LOST','Asset not found in monthly report',1),(313,'2017-12-29','D140',93101784,'USED','067.BIN/BAST/XII/2017',0),(314,'2018-09-01','D141',91102226,'LOST','Asset not found in monthly report',1),(315,'2018-07-29','D141',97160237,'NEW','28.BIN/BAST/VII/2018',0),(316,'2019-01-16','D142',97160316,'USED','05.BIN/BAST/I/2019',0),(317,'2020-11-18','D027',95170270,'MUTATION','Sent back to Head Office 19/11/2020 (batch 1)',1),(318,'2020-11-18','D051',95170270,'MUTATION','Sent back to Head Office 19/11/2020 (batch 1)',1),(319,'2020-11-18','D078',95170270,'MUTATION','Sent back to Head Office 19/11/2020 (batch 1)',1),(320,'2020-11-18','D062',95170270,'MUTATION','Sent back to Head Office 19/11/2020 (batch 1)',1),(321,'2020-11-13','D061',91102226,'IDLE','Asset returned with docking and charger',0),(322,'2020-11-18','D061',95170270,'MUTATION','Sent back to Head Office 19/11/2020 (batch 1)',1),(323,'2020-11-18','D040',95170270,'MUTATION','Sent back to Head Office 19/11/2020 (batch 1)',1),(324,'2020-11-18','D067',95170270,'MUTATION','Sent back to Head Office 19/11/2020 (batch 1)',1),(325,'2020-11-18','D022',95170270,'MUTATION','Sent back to Head Office 19/11/2020 (batch 1)',1),(326,'2020-11-19','D054',95170270,'MUTATION','Sent back to Head Office 19/11/2020 (batch 2)',1),(327,'2020-11-19','D024',95170270,'MUTATION','Sent back to Head Office 19/11/2020 (batch 2)',1),(328,'2020-11-19','D028',95170270,'MUTATION','Sent back to Head Office 19/11/2020 (batch 2)',1),(329,'2020-11-19','D105',95170270,'MUTATION','Sent back to Head Office 19/11/2020 (batch 2)',1),(330,'2020-11-19','D050',95170270,'MUTATION','Sent back to Head Office 19/11/2020 (batch 2)',1),(332,'2020-11-19','D133',95170270,'MUTATION','Sent back to Head Office 19/11/2020 (batch 2)',1),(333,'2020-11-19','D124',95170270,'MUTATION','Sent back to Head Office 19/11/2020 (batch 2)',1),(334,'2020-11-19','D134',95170270,'MUTATION','Sent back to Head Office 19/11/2020 (batch 2)',1),(335,'2020-11-19','D018',95170270,'MUTATION','Sent back to Head Office 19/11/2020 (batch 2)',1),(336,'2020-11-19','D123',95170270,'MUTATION','Sent back to Head Office 19/11/2020 (batch 2)',1),(337,'2020-11-19','D055',91102226,'IDLE','',0),(338,'2018-12-01','D091',97160251,'NEW','BAST not found',0),(339,'2020-03-01','D091',91190065,'IDLE','',0),(341,'2020-10-21','D091',93101928,'USED','',0),(342,'2018-07-01','D060',92180243,'USED','',0),(343,'2018-11-01','D060',97160222,'USED','',0),(421,'2017-12-01','D103',95170261,'STORE','',0),(422,'2017-12-01','D001',95170261,'STORE','',0),(423,'2017-12-01','D002',95170261,'STORE','',0),(424,'2017-12-01','D004',95170261,'STORE','',0),(425,'2017-12-01','D005',95170261,'STORE','',0),(426,'2017-12-01','D006',95170261,'STORE','',0),(427,'2017-12-01','D007',95170261,'STORE','',0),(428,'2017-12-01','D008',95170261,'STORE','',0),(429,'2017-12-01','D010',95170261,'STORE','',0),(430,'2017-12-01','D140',95170261,'STORE','',0),(431,'2017-12-01','D138',95170261,'STORE','',0),(432,'2017-12-01','D011',95170261,'STORE','',0),(433,'2017-12-01','D012',95170261,'STORE','',0),(434,'2017-12-01','D139',95170261,'STORE','',0),(435,'2017-12-01','D135',95170261,'STORE','',0),(436,'2017-12-01','D009',95170261,'STORE','',0),(437,'2017-12-01','D015',95170261,'STORE','',0),(438,'2017-12-01','D016',95170261,'STORE','',0),(439,'2017-12-01','D017',95170261,'STORE','',0),(440,'2017-12-01','D018',95170261,'STORE','',0),(441,'2017-12-01','D021',95170261,'STORE','',0),(442,'2017-12-01','D022',95170261,'STORE','',0),(443,'2017-12-01','D023',95170261,'STORE','',0),(444,'2017-12-01','D024',95170261,'STORE','',0),(445,'2017-12-01','D025',95170261,'STORE','',0),(446,'2017-12-01','D026',95170261,'STORE','',0),(447,'2017-12-01','D027',95170261,'STORE','',0),(448,'2017-12-01','D028',95170261,'STORE','',0),(449,'2018-11-01','D029',95170261,'STORE','',0),(450,'2017-12-01','D030',95170261,'STORE','',0),(451,'2017-12-01','D031',95170261,'STORE','',0),(452,'2017-12-01','D032',95170261,'STORE','',0),(453,'2017-12-01','D033',95170261,'STORE','',0),(454,'2017-12-01','D034',95170261,'STORE','',0),(455,'2017-12-01','D039',95170261,'STORE','',0),(456,'2017-12-01','D035',95170261,'STORE','',0),(457,'2017-12-01','D040',95170261,'STORE','',0),(458,'2017-12-01','D041',95170261,'STORE','',0),(459,'2017-12-01','D042',95170261,'STORE','',0),(460,'2017-12-01','D043',95170261,'STORE','',0),(461,'2017-10-01','D044',95170261,'STORE','',0),(462,'2017-12-01','D126',95170261,'STORE','',0),(463,'2017-12-01','D045',95170261,'STORE','',0),(464,'2017-12-01','D046',95170261,'STORE','',0),(465,'2017-12-01','D127',95170261,'STORE','',0),(466,'2017-12-01','D048',95170261,'STORE','',0),(467,'2017-12-01','D049',95170261,'STORE','',0),(468,'2017-12-01','D050',95170261,'STORE','',0),(469,'2017-12-01','D051',95170261,'STORE','',0),(470,'2017-12-01','D052',95170261,'STORE','',0),(471,'2017-12-01','D053',95170261,'STORE','',0),(472,'2017-12-01','D054',95170261,'STORE','',0),(473,'2017-12-01','D055',95170261,'STORE','',0),(474,'2017-12-01','D071',95170261,'STORE','',0),(475,'2017-12-01','D072',95170261,'STORE','',0),(476,'2017-12-01','D073',95170261,'STORE','',0),(477,'2017-12-01','D074',95170261,'STORE','',0),(478,'2017-12-01','D075',95170261,'STORE','',0),(479,'2017-12-01','D076',95170261,'STORE','',0),(480,'2017-12-01','D077',95170261,'STORE','',0),(481,'2017-12-01','D078',95170261,'STORE','',0),(483,'2017-12-01','D080',95170261,'STORE','',0),(484,'2017-12-01','D129',95170261,'STORE','',0),(485,'2017-12-01','D057',95170261,'STORE','',0),(486,'2017-12-01','D058',95170261,'STORE','',0),(487,'2017-12-01','D059',95170261,'STORE','',0),(488,'2017-12-01','D060',95170261,'STORE','',0),(489,'2017-12-01','D019',95170261,'STORE','',0),(490,'2017-12-01','D061',95170261,'STORE','',0),(491,'2018-03-01','D062',95170261,'STORE','',0),(492,'2018-03-01','D063',95170261,'STORE','',0),(493,'2018-03-01','D064',95170261,'STORE','',0),(494,'2018-03-01','D065',95170261,'STORE','',0),(495,'2018-03-01','D081',95170261,'STORE','',0),(496,'2018-03-01','D066',95170261,'STORE','',0),(497,'2018-03-01','D067',95170261,'STORE','',0),(498,'2018-03-01','D068',95170261,'STORE','',0),(499,'2018-03-01','D069',95170261,'STORE','',0),(500,'2018-03-01','D136',95170261,'STORE','',0),(505,'2018-05-01','D082',95170261,'STORE','',0),(506,'2018-05-01','D083',95170261,'STORE','',0),(507,'2018-05-01','D084',95170261,'STORE','',0),(508,'2018-05-01','D085',95170261,'STORE','',0),(509,'2018-07-01','D070',95170261,'STORE','',0),(510,'2018-07-01','D087',95170261,'STORE','',0),(512,'2018-07-01','D089',95170261,'STORE','',0),(513,'2018-07-01','D090',95170261,'STORE','',0),(514,'2018-07-01','D091',95170261,'STORE','',0),(515,'2018-07-01','D092',95170261,'STORE','',0),(516,'2018-07-01','D093',95170261,'STORE','',0),(517,'2018-07-01','D094',95170261,'STORE','',0),(518,'2018-07-01','D095',95170261,'STORE','',0),(519,'2018-07-01','D096',95170261,'STORE','',0),(520,'2018-07-01','D097',95170261,'STORE','',0),(521,'2018-07-01','D098',95170261,'STORE','',0),(523,'2018-10-01','D100',95170261,'STORE','',0),(524,'2018-10-01','D101',95170261,'STORE','',0),(525,'2018-12-01','D131',95170261,'STORE','',0),(526,'2018-12-01','D102',95170261,'STORE','',0),(527,'2018-12-01','D105',95170261,'STORE','',0),(528,'2018-12-01','D106',95170261,'STORE','',0),(529,'2018-12-01','D107',95170261,'STORE','',0),(530,'2018-12-01','D108',95170261,'STORE','',0),(531,'2018-12-01','D109',95170261,'STORE','',0),(532,'2018-12-01','D110',95170261,'STORE','',0),(533,'2018-12-01','D125',95170261,'STORE','',0),(534,'2019-02-01','D036',95170261,'STORE','',0),(535,'2019-02-01','D037',95170261,'STORE','',0),(536,'2019-02-01','D038',95170261,'STORE','',0),(537,'2019-02-01','D056',95170261,'STORE','',0),(538,'2019-02-01','D111',95170261,'STORE','',0),(539,'2019-02-01','D112',95170261,'STORE','',0),(540,'2019-02-01','D113',95170261,'STORE','',0),(541,'2019-02-01','D114',95170261,'STORE','',0),(542,'2019-02-01','D115',95170261,'STORE','',0),(543,'2019-02-01','D116',95170261,'STORE','',0),(544,'2019-02-01','D117',95170261,'STORE','',0),(545,'2019-05-01','D118',91190065,'STORE','',0),(546,'2019-05-01','D119',91190065,'STORE','',0),(547,'2020-01-01','D121',91190065,'STORE','',0),(548,'2020-01-01','D013',91190065,'STORE','',0),(549,'2020-01-01','D014',91190065,'STORE','',0),(550,'2019-10-01','D003',91190065,'STORE','',0),(551,'2018-05-01','D088',95170261,'STORE','',0),(552,'2019-01-02','D142',91190065,'STORE','',0),(553,'2020-08-01','D123',91190065,'STORE','',0),(554,'2020-08-01','D133',91190065,'STORE','',0),(555,'2020-08-01','D134',91190065,'STORE','',0),(556,'2020-08-01','D124',91190065,'STORE','',0),(557,'2020-08-01','D122',91190065,'STORE','',0),(558,'2020-08-01','D132',91190065,'STORE','',0),(559,'2018-02-01','D137',95170261,'STORE','',0),(560,'2020-08-01','D047',91190065,'STORE','',0),(561,'2018-07-01','D141',95170261,'STORE','',0),(562,'2020-08-01','D086',91190065,'STORE','',0),(563,'2020-08-01','D130',91190065,'STORE','',0),(564,'2018-01-10','D128',95170261,'SERVICE','Asset has been serviced from JEROAN CELL',1),(565,'2018-01-25','D019',95170261,'SERVICE','JEROAN CELL',0),(566,'2018-02-04','D138',95170261,'SERVICE','JEROAN CELL',0),(567,'2018-05-25','D135',95170261,'SERVICE','JEROAN CELL',0),(568,'2020-11-26','D003',91180542,'USED','',0),(569,'2020-11-26','D006',91102226,'USED','',0),(570,'2020-11-28','D069',91102226,'IDLE','',0),(571,'2020-11-28','D068',91102226,'IDLE','',0),(572,'2020-11-28','D063',91102226,'IDLE','',0),(573,'2020-11-28','D016',91102226,'IDLE','Received from Survey (OK)',0),(574,'2020-11-28','D094',91102226,'IDLE','',0),(575,'2020-11-28','D143',91102226,'STORE','Received from Survey (OK)',0),(576,'2020-11-28','D029',91102226,'IDLE','Received from Prod Adm',0),(577,'2020-11-28','D081',91102226,'IDLE','',0),(578,'2020-11-28','D118',91102226,'IDLE','',1),(579,'2020-11-28','D139',91102226,'IDLE','Received from Prod Adm',0),(580,'2020-11-28','D098',91102226,'IDLE','',0),(581,'2020-11-28','D038',91102226,'IDLE','',0),(582,'2020-11-29','D017',91102226,'IDLE','',0),(583,'2020-11-29','D016',95170270,'MUTATION','Sent back to Head Office 29/11/2020 (batch 3)',1),(584,'2020-11-29','D017',95170270,'MUTATION','Sent back to Head Office 29/11/2020 (batch 3)',1),(585,'2020-11-29','D143',95170270,'MUTATION','Sent back to Head Office 29/11/2020 (batch 3)',1),(586,'2020-11-29','D094',95170270,'MUTATION','Sent back to Head Office 29/11/2020 (batch 3)',1),(587,'2020-11-29','D029',95170270,'MUTATION','Sent back to Head Office 29/11/2020 (batch 3)',1),(588,'2020-11-29','D069',95170270,'MUTATION','Sent back to Head Office 29/11/2020 (batch 3)',1),(589,'2020-11-29','D068',95170270,'MUTATION','Sent back to Head Office 29/11/2020 (batch 3)',1),(590,'2020-11-29','D063',95170270,'MUTATION','Sent back to Head Office 29/11/2020 (batch 3)',1),(591,'2020-11-29','D038',95170270,'MUTATION','Sent back to Head Office 29/11/2020 (batch 3)',1),(592,'2020-11-29','D091',91102226,'IDLE','Received from Prod Adm',0),(593,'2020-11-29','D100',91190031,'USED','',0),(594,'2020-11-30','D119',91102226,'IDLE','',0),(595,'2020-12-07','D047',91095025,'USED','',1),(596,'2020-12-07','D023',91102226,'IDLE','',0),(597,'2021-01-11','D142',91102226,'USED','',0),(598,'2021-01-11','D001',91102226,'BROKEN','',1),(599,'2021-01-11','D002',91102226,'BROKEN','',1),(600,'2021-01-11','D100',91102226,'USED','',0),(601,'2021-01-11','D005',91102226,'USED','',0),(602,'2021-01-11','D071',91102226,'USED','',0),(603,'2021-01-11','D107',91102226,'USED','',0),(604,'2021-01-11','D081',91190065,'MUTATION','Sent back to Head Office 11/01/2021',1),(605,'2021-01-11','D098',91190065,'MUTATION','Sent back to Head Office 11/01/2021',1),(606,'2021-01-11','D006',91190065,'MUTATION','Sent back to Head Office 11/01/2021',1),(607,'2021-01-11','D119',91190065,'MUTATION','Sent back to Head Office 11/01/2021',1),(608,'2021-01-11','D100',91190065,'MUTATION','Sent back to Head Office 11/01/2021',1),(609,'2021-01-11','D107',91190065,'MUTATION','Sent back to Head Office 11/01/2021',1),(610,'2021-01-11','D005',91190065,'MUTATION','Sent back to Head Office 11/01/2021',1),(611,'2021-01-11','D142',91190065,'MUTATION','Sent back to Head Office 11/01/2021',1),(612,'2021-01-12','D052',91102226,'USED','',0),(613,'2021-01-12','D080',91102226,'USED','',0),(614,'2021-01-12','D003',91190065,'MUTATION','',1),(615,'2021-01-16','D139',91190065,'USED','Sent back to Head Office 16/1/2021',1),(616,'2021-01-16','D055',91190065,'USED','Sent back to Head Office 16/1/2021',1),(617,'2021-01-16','D010',91190065,'USED','Sent back to Head Office 16/1/2021',1),(618,'2021-01-16','D031',91190065,'USED','Sent back to Head Office 16/1/2021',1),(619,'2021-01-16','D080',91190065,'USED','Sent back to Head Office 16/1/2021',1),(620,'2021-01-16','D091',91190065,'USED','Sent back to Head Office 16/1/2021',1),(621,'2021-01-16','D052',91190065,'USED','Sent back to Head Office 16/1/2021',1),(622,'2021-01-16','D071',91190065,'USED','Sent back to Head Office 16/1/2021',1),(623,'2021-02-04','D023',91180064,'USED','',1);
/*!40000 ALTER TABLE `HT_History` ENABLE KEYS */;
UNLOCK TABLES;
/*!50003 SET @saved_cs_client      = @@character_set_client */ ;
/*!50003 SET @saved_cs_results     = @@character_set_results */ ;
/*!50003 SET @saved_col_connection = @@collation_connection */ ;
/*!50003 SET character_set_client  = utf8mb3 */ ;
/*!50003 SET character_set_results = utf8mb3 */ ;
/*!50003 SET collation_connection  = utf8mb3_general_ci */ ;
/*!50003 SET @saved_sql_mode       = @@sql_mode */ ;
/*!50003 SET sql_mode              = '' */ ;
DELIMITER ;;
/*!50003 CREATE*/ /*!50017 DEFINER=`root`@`localhost`*/ /*!50003 TRIGGER HT_History_OnInsert BEFORE INSERT ON HT_History
        FOR EACH ROW SET NEW.Date = IFNULL(NEW.Date, CURDATE()) */;;
DELIMITER ;
/*!50003 SET sql_mode              = @saved_sql_mode */ ;
/*!50003 SET character_set_client  = @saved_cs_client */ ;
/*!50003 SET character_set_results = @saved_cs_results */ ;
/*!50003 SET collation_connection  = @saved_col_connection */ ;

--
-- Table structure for table `HT_List`
--

DROP TABLE IF EXISTS `HT_List`;
/*!40101 SET @saved_cs_client     = @@character_set_client */;
/*!40101 SET character_set_client = utf8 */;
CREATE TABLE `HT_List` (
  `ID` varchar(4) NOT NULL,
  `IDRadio` smallint(5) unsigned NOT NULL,
  `SAP` varchar(10) DEFAULT NULL,
  `SN` varchar(10) NOT NULL,
  PRIMARY KEY (`ID`),
  UNIQUE KEY `SN` (`SN`),
  KEY `IDRadio` (`IDRadio`),
  CONSTRAINT `HT_List_ibfk_1` FOREIGN KEY (`IDRadio`) REFERENCES `HT_Merek` (`ID`)
) ENGINE=InnoDB DEFAULT CHARSET=latin1 COLLATE=latin1_swedish_ci;
/*!40101 SET character_set_client = @saved_cs_client */;

--
-- Dumping data for table `HT_List`
--

LOCK TABLES `HT_List` WRITE;
/*!40000 ALTER TABLE `HT_List` DISABLE KEYS */;
INSERT INTO `HT_List` VALUES ('D001',1,NULL,'30082286-3'),('D002',1,NULL,'30065574-0'),('D003',2,NULL,'23032201-1'),('D004',1,NULL,'60002319-7'),('D005',1,'1702219','30078842-4'),('D006',1,'1702203','30057913-6'),('D007',1,'1702243','30085466-4'),('D008',1,NULL,'30078843-1'),('D009',1,'1702295','30065569-8'),('D010',1,NULL,'60175743-1'),('D011',1,NULL,'60176776-0'),('D012',1,NULL,'30065571-9'),('D013',1,NULL,'60160899-3'),('D014',1,NULL,'60160900-4'),('D015',1,'2000212','40011341-8'),('D016',1,NULL,'30065572-6'),('D017',1,NULL,'6002318-0'),('D018',1,NULL,'30078431-2'),('D019',1,NULL,'60165755-5'),('D020',1,NULL,'VACANT-D01'),('D021',4,'1702201','672TQS4517'),('D022',4,'1702202','672TQS5389'),('D023',4,'1702222','672TNGN703'),('D024',4,'1702332','672TMNU629'),('D025',4,'1702333','672TMNV010'),('D026',4,NULL,'672TQS5388'),('D027',4,NULL,'672TQS4518'),('D028',4,NULL,'672TNW1306'),('D029',4,'1702242','672TQQG807'),('D030',4,NULL,'672TQQG470'),('D031',4,NULL,'672TQSE009'),('D032',4,'1702196','672TQLL901'),('D033',4,'1702198','672TQQG480'),('D034',4,'1702199','672TQLL878'),('D035',4,NULL,'672TRG2162'),('D036',4,'1702195','672TQQG464'),('D037',4,'1702197','672TQQG471'),('D038',4,'1702206','749TJSD726'),('D039',4,'1702200','672TRG2161'),('D040',4,NULL,'672TQSE478'),('D041',4,NULL,'672TMGC359'),('D042',4,'1702205','749THLK759'),('D043',4,'1702207','672TQS5400'),('D044',4,'1702208','672TQS5397'),('D045',4,NULL,'672TQS5393'),('D046',4,NULL,'672TQS4544'),('D047',5,NULL,'749TRS2387'),('D048',4,NULL,'672TRE6309'),('D049',4,NULL,'672TRE6304'),('D050',4,NULL,'672TQYK780'),('D051',4,NULL,'672TRE6294'),('D052',4,'1702211','672TLGU984'),('D053',4,'1702220','749TSA0120'),('D054',5,'1702221','749TSA0114'),('D055',4,'1702204','672TMNU698'),('D056',4,'1702298','672TNGN695'),('D057',4,'1702389','672TQSY216'),('D058',4,NULL,'672TQSE475'),('D059',4,NULL,'672TKQG805'),('D060',4,'1702388','672TQSY203'),('D061',4,NULL,'672YMNU709'),('D062',4,'1702434','672TQSE221'),('D063',4,'1702435','672TQQG695'),('D064',4,'1702438','672TQSE225'),('D065',4,'1702437','672TQSE203'),('D066',4,'1702433','672TQS5151'),('D067',4,'1702436','672TQSE223'),('D068',4,'1702440','672TQSX981'),('D069',4,'1702450','672TQSX996'),('D070',4,NULL,'672TMEG632'),('D071',5,NULL,'799TNND514'),('D072',4,NULL,'672TNGN702'),('D073',5,NULL,'749THLK758'),('D074',4,'1702296','749TNU2251'),('D075',4,NULL,'749THLK59'),('D076',4,'1702210','749TNEC892'),('D077',4,'1702209','749TNNB492'),('D078',4,NULL,'672TQQG795'),('D079',1,NULL,'VACANT-D02'),('D080',5,NULL,'749TNEC886'),('D081',4,'1702428','749TSJ1449'),('D082',4,'1702569','749TSL1943'),('D083',4,'1702570','749TSJ3038'),('D084',4,'1702571','749TSL2086'),('D085',4,'1702572','749TSL2076'),('D086',4,NULL,'749TTD1291'),('D087',4,'1702624','749TSL2078'),('D088',4,'1702625','749TSL2123'),('D089',4,'1702632','749TSS4756'),('D090',4,'1702633','749TSS4723'),('D091',5,'1702631','749TSS4725'),('D092',5,'1702653','749TSS4733'),('D093',5,'1702652','749TSL2079'),('D094',4,'1702651','749TSL2089'),('D095',5,'1702650','749TSS4730'),('D096',5,'1702672','749TSS4221'),('D097',4,'1702674','749TSS4228'),('D098',4,'1702673','749TSS4843'),('D099',1,NULL,'VACANT-D03'),('D100',2,NULL,'23031933-8'),('D101',2,NULL,'23032141-2'),('D102',4,NULL,'672TQS5387'),('D103',3,'1702228','021150'),('D104',1,NULL,'VACANT-D04'),('D105',2,NULL,'23031971-2'),('D106',2,NULL,'23031974-3'),('D107',2,NULL,'23031978-1'),('D108',2,NULL,'23031973-6'),('D109',2,NULL,'23031979-8'),('D110',2,NULL,'23031980-2'),('D111',2,'1100027443','23032114-2'),('D112',2,'1100027443','23031975-0'),('D113',2,NULL,'23032184-1'),('D114',2,NULL,'23032178-2'),('D115',2,NULL,'23032179-9'),('D116',2,NULL,'23032169-2'),('D117',2,NULL,'23032185-8'),('D118',2,NULL,'23032181-0'),('D119',2,NULL,'23032200-4'),('D120',1,NULL,'VACANT-D05'),('D121',4,NULL,'672TQSE467'),('D122',1,NULL,'60176783-6'),('D123',1,NULL,'30088298-6'),('D124',1,NULL,'60160902-8'),('D125',2,NULL,'23031977-4'),('D126',5,NULL,'672TQQG801'),('D127',5,NULL,'672TQS5392'),('D128',5,NULL,'672TMNU709'),('D129',5,NULL,'672TQSY193'),('D130',5,NULL,'749TTE0046'),('D131',1,NULL,'60004400-8'),('D132',5,NULL,'672TQQG988'),('D133',1,NULL,'40031850-7'),('D134',1,NULL,'60004403-9'),('D135',1,'','60160897-9'),('D136',5,'1702441','672TQSX984'),('D137',4,'1702439','672TQSE222'),('D138',1,'','30078434-3'),('D139',1,'','60160906-6'),('D140',1,'','60175588-0'),('D141',5,'1702632','749TSS4256'),('D142',2,'','23031972-9'),('D143',1,'','30078820-6');
/*!40000 ALTER TABLE `HT_List` ENABLE KEYS */;
UNLOCK TABLES;

--
-- Table structure for table `HT_Merek`
--

DROP TABLE IF EXISTS `HT_Merek`;
/*!40101 SET @saved_cs_client     = @@character_set_client */;
/*!40101 SET character_set_client = utf8 */;
CREATE TABLE `HT_Merek` (
  `ID` smallint(5) unsigned NOT NULL AUTO_INCREMENT,
  `Merek` varchar(10) DEFAULT NULL,
  `Tipe` varchar(10) NOT NULL,
  `Frekuensi` enum('VHF','UHF') DEFAULT NULL,
  PRIMARY KEY (`ID`)
) ENGINE=InnoDB AUTO_INCREMENT=6 DEFAULT CHARSET=latin1 COLLATE=latin1_swedish_ci;
/*!40101 SET character_set_client = @saved_cs_client */;

--
-- Dumping data for table `HT_Merek`
--

LOCK TABLES `HT_Merek` WRITE;
/*!40000 ALTER TABLE `HT_Merek` DISABLE KEYS */;
INSERT INTO `HT_Merek` VALUES (1,'Icom','V-80','VHF'),(2,'Icom','F3003','VHF'),(3,'Motorola','Altron','VHF'),(4,'Motorola','GP328','VHF'),(5,'Motorola','GP338','VHF');
/*!40000 ALTER TABLE `HT_Merek` ENABLE KEYS */;
UNLOCK TABLES;

--
-- Table structure for table `connections`
--

DROP TABLE IF EXISTS `connections`;
/*!40101 SET @saved_cs_client     = @@character_set_client */;
/*!40101 SET character_set_client = utf8 */;
CREATE TABLE `connections` (
  `id` int(10) unsigned NOT NULL AUTO_INCREMENT,
  `connect_time` datetime NOT NULL,
  `user_host` varchar(50) NOT NULL,
  `connection_id` int(10) unsigned NOT NULL,
  PRIMARY KEY (`id`)
) ENGINE=InnoDB DEFAULT CHARSET=latin1 COLLATE=latin1_swedish_ci;
/*!40101 SET character_set_client = @saved_cs_client */;

--
-- Dumping data for table `connections`
--

LOCK TABLES `connections` WRITE;
/*!40000 ALTER TABLE `connections` DISABLE KEYS */;
/*!40000 ALTER TABLE `connections` ENABLE KEYS */;
UNLOCK TABLES;
/*!40103 SET TIME_ZONE=@OLD_TIME_ZONE */;

/*!40101 SET SQL_MODE=@OLD_SQL_MODE */;
/*!40014 SET FOREIGN_KEY_CHECKS=@OLD_FOREIGN_KEY_CHECKS */;
/*!40014 SET UNIQUE_CHECKS=@OLD_UNIQUE_CHECKS */;
/*!40101 SET CHARACTER_SET_CLIENT=@OLD_CHARACTER_SET_CLIENT */;
/*!40101 SET CHARACTER_SET_RESULTS=@OLD_CHARACTER_SET_RESULTS */;
/*!40101 SET COLLATION_CONNECTION=@OLD_COLLATION_CONNECTION */;
/*!40111 SET SQL_NOTES=@OLD_SQL_NOTES */;

-- Dump completed on 2024-09-15 22:02:22
